Sample,X,Y,Z
0,0.086,-0.148,-1.078
1,-0.047,-0.027,-0.977
2,-0.020,0.004,-1.020
3,-0.023,-0.004,-1.008
4,-0.023,0.008,-1.004
5,-0.027,0.016,-0.996
6,-0.078,-0.027,-1.012
7,-0.047,-0.016,-1.020
8,0.000,0.016,-1.023
9,-0.023,0.008,-0.996
10,-0.051,0.000,-1.004
11,-0.055,-0.008,-1.008
12,-0.035,-0.008,-1.016
13,-0.027,0.000,-1.016
14,-0.012,0.000,-1.004
15,-0.043,0.008,-0.992
16,-0.062,-0.027,-1.004
17,-0.062,-0.027,-1.004
18,-0.027,0.000,-1.020
19,-0.012,-0.008,-1.012
20,-0.031,0.012,-1.008
21,-0.031,-0.031,-1.020
22,-0.051,-0.008,-1.004
23,-0.035,-0.012,-1.008
24,-0.031,0.000,-1.016
25,-0.031,0.004,-1.004
26,-0.031,0.012,-1.012
27,-0.043,-0.016,-1.004
28,-0.043,0.000,-1.008
29,-0.039,-0.016,-1.016
30,-0.035,0.000,-1.016
31,-0.027,-0.008,-1.004
32,-0.047,0.000,-1.020
33,-0.043,-0.004,-1.008
34,-0.035,0.008,-1.008
35,-0.031,-0.008,-1.008
36,-0.039,0.004,-1.020
37,-0.035,0.000,-1.016
38,-0.043,0.004,-1.004
39,-0.027,-0.012,-1.008
40,-0.012,0.070,-1.031
41,-0.047,-0.020,-1.012
42,-0.039,-0.008,-1.008
43,-0.020,0.012,-1.008
44,-0.043,-0.004,-1.012
45,-0.027,0.000,-1.012
46,-0.039,-0.008,-1.012
47,-0.043,-0.004,-1.000
48,-0.027,0.008,-1.012
49,-0.016,0.016,-1.012
50,-0.035,0.000,-1.008
51,-0.055,-0.016,-1.008
52,-0.031,-0.004,-1.012
53,-0.031,0.008,-1.008
54,-0.043,-0.016,-1.012
55,-0.031,0.000,-1.008
56,-0.027,0.004,-1.004
57,-0.043,-0.008,-1.004
58,-0.039,-0.004,-1.008
59,-0.031,0.004,-1.012
60,-0.016,0.051,-1.023
61,-0.031,0.000,-1.008
62,-0.027,0.000,-1.004
63,-0.047,-0.012,-1.008
64,-0.035,-0.012,-1.016
65,-0.016,0.004,-1.016
66,-0.023,0.012,-1.012
67,-0.039,-0.004,-1.008
68,-0.047,-0.012,-1.004
69,-0.035,-0.008,-1.016
70,-0.023,-0.004,-1.016
71,-0.020,0.004,-1.020
72,-0.031,0.008,-1.008
73,-0.047,-0.008,-1.004
74,-0.039,-0.008,-1.012
75,-0.020,-0.012,-1.012
76,-0.016,0.008,-1.016
77,-0.023,0.000,-1.012
78,-0.047,0.004,-1.000
79,-0.047,-0.023,-1.004
80,-0.043,0.008,-0.992
81,-0.016,-0.027,-1.031
82,-0.016,0.004,-1.020
83,-0.039,0.008,-1.008
84,-0.059,0.000,-0.996
85,-0.043,-0.004,-1.004
86,-0.016,-0.027,-1.012
87,-0.016,0.004,-1.035
88,-0.035,-0.012,-1.000
89,-0.062,0.012,-0.996
90,-0.043,-0.008,-0.988
91,-0.023,-0.008,-1.016
92,-0.016,-0.016,-1.027
93,-0.020,0.004,-1.008
94,-0.047,0.000,-0.996
95,-0.047,-0.012,-0.996
96,-0.027,-0.004,-1.008
97,-0.020,-0.023,-1.031
98,-0.027,-0.008,-1.016
99,-0.031,0.008,-0.992
100,-0.031,0.047,-1.012
101,-0.082,0.043,-1.035
102,-0.184,-0.059,-1.047
103,-0.219,0.023,-1.031
104,-0.219,0.059,-0.957
105,-0.359,0.039,-0.953
106,-0.422,-0.047,-0.988
107,-0.348,0.000,-1.070
108,-0.281,0.016,-1.051
109,-0.293,0.094,-0.977
110,-0.289,0.117,-0.922
111,-0.328,0.012,-0.961
112,-0.312,-0.082,-1.039
113,-0.184,-0.066,-1.055
114,-0.043,-0.023,-1.000
115,0.027,0.074,-0.996
116,-0.039,0.043,-1.039
117,-0.121,0.012,-1.059
118,-0.137,0.059,-0.988
119,-0.309,0.047,-0.945
120,-0.551,-0.031,-0.980
121,-0.500,-0.074,-1.078
122,-0.262,0.125,-1.055
123,-0.340,0.219,-0.941
124,-0.766,0.059,-0.902
125,-0.746,-0.102,-1.012
126,-0.371,0.117,-1.066
127,-0.570,-0.086,-1.086
128,-0.508,-0.082,-1.020
129,-0.246,0.250,-0.922
130,-0.402,0.020,-0.984
131,-0.402,-0.078,-0.977
132,-0.176,0.066,-1.078
133,-0.250,-0.062,-1.066
134,-0.273,-0.078,-1.039
135,-0.066,0.227,-0.930
136,-0.340,0.070,-0.953
137,-0.562,-0.168,-0.488
138,-0.324,0.059,-1.074
139,-0.344,0.020,-1.047
140,-0.504,-0.082,-0.938
141,-0.387,0.211,-1.004
142,-0.430,0.125,-0.988
143,-0.656,-0.070,-0.953
144,-0.625,-0.047,-1.008
145,-0.531,0.020,-1.137
146,-0.430,-0.012,-1.090
147,-0.305,0.289,-1.031
148,-0.473,0.172,-0.898
149,-0.918,-0.180,-0.906
150,-0.609,-0.078,-1.066
151,-0.238,-0.016,-1.141
152,-0.297,0.152,-1.031
153,-0.367,0.176,-0.895
154,-0.367,0.176,-0.898
155,-0.441,0.098,-0.898
156,-0.391,0.043,-0.977
157,-0.297,-0.059,-1.020
158,-0.250,0.070,-1.039
159,-0.289,0.035,-0.977
160,-0.312,0.121,-0.953
161,-0.371,0.180,-0.988
162,-0.500,-0.078,-1.016
163,-0.578,-0.094,-1.074
164,-0.367,-0.039,-1.078
165,-0.426,0.059,-1.008
166,-0.559,0.117,-1.027
167,-0.617,0.023,-1.016
168,-0.520,0.117,-0.996
169,-0.637,-0.156,-1.039
170,-0.602,-0.035,-1.082
171,-0.293,0.102,-1.031
172,-0.418,0.238,-0.973
173,-0.594,-0.066,-0.918
174,-0.422,0.172,-0.938
175,-0.402,-0.082,-0.969
176,-0.367,-0.004,-1.020
177,-0.234,0.043,-0.945
178,-0.141,0.184,-0.934
179,-0.316,0.090,-0.988
180,-0.383,-0.055,-1.023
181,-0.285,-0.055,-1.023
182,-0.203,0.027,-1.098
183,-0.605,-0.059,-1.137
184,-0.641,0.035,-1.156
185,-0.359,0.152,-0.891
186,-0.477,0.277,-0.859
187,-0.961,-0.285,-1.043
188,-0.488,-0.035,-1.133
189,-0.109,0.398,-1.020
190,-0.523,-0.066,-0.926
191,-0.406,0.027,-0.945
192,0.055,0.172,-1.004
193,-0.301,-0.098,-1.035
194,-0.500,-0.254,-0.938
195,0.043,0.258,-0.945
196,-0.016,0.055,-1.012
197,-0.293,0.074,-1.117
198,-0.258,-0.027,-0.996
199,-0.246,0.105,-0.988
200,-0.070,-0.066,-1.027
201,-0.332,0.078,-1.129
202,-0.500,-0.094,-1.004
203,-0.270,0.316,-0.949
204,-0.402,0.184,-0.949
205,-0.676,-0.297,-0.953
206,-0.047,0.082,-0.934
207,0.051,0.289,-0.926
208,-0.566,-0.430,-0.961
209,0.004,0.152,-1.102
210,0.223,0.129,-1.160
211,-0.574,-0.246,-1.117
212,-0.105,-0.117,-1.051
213,0.383,0.457,-1.055
214,-0.234,-0.281,-1.059
215,0.039,0.023,-0.941
216,0.582,0.406,-0.844
217,0.094,0.059,-0.824
218,-0.297,-0.320,-0.945
219,-0.102,0.141,-1.141
220,-0.262,-0.422,-1.188
221,-0.004,-0.031,-1.082
222,0.211,0.242,-0.957
223,-0.168,0.145,-1.012
224,-0.422,0.000,-1.012
225,-0.125,0.137,-1.004
226,-0.188,0.137,-1.012
227,-0.406,-0.219,-0.980
228,-0.082,0.020,-0.957
229,0.105,0.137,-0.922
230,-0.254,-0.129,-0.953
231,-0.137,-0.078,-1.039
232,0.328,0.031,-1.070
233,-0.047,0.070,-1.059
234,-0.281,-0.359,-1.035
235,0.242,0.359,-1.086
236,0.133,0.023,-1.043
237,-0.207,-0.074,-1.016
238,0.223,0.109,-0.941
239,0.215,0.074,-0.859
240,-0.105,-0.023,-0.906
241,0.223,-0.113,-0.918
242,0.254,0.309,-0.984
243,-0.559,-0.465,-1.062
244,-0.109,-0.008,-1.180
245,0.285,0.270,-1.055
246,-0.266,-0.027,-0.977
247,-0.527,-0.094,-1.031
248,0.145,0.242,-1.094
249,0.062,0.031,-1.078
250,-0.234,-0.188,-0.953
251,0.121,0.164,-0.930
252,0.121,0.164,-0.930
253,-0.027,-0.062,-0.871
254,-0.258,-0.102,-1.066
255,-0.203,-0.266,-1.109
256,0.277,0.137,-1.008
257,-0.047,0.062,-0.914
258,-0.332,0.016,-1.062
259,0.109,-0.055,-0.980
260,0.234,0.277,-0.977
261,-0.160,-0.309,-1.047
262,0.008,-0.039,-1.051
263,0.352,0.176,-1.012
264,0.012,-0.082,-0.953
265,-0.168,-0.055,-0.887
266,0.113,0.059,-0.922
267,-0.098,-0.105,-1.051
268,-0.184,-0.035,-1.059
269,-0.203,0.035,-1.102
270,-0.156,-0.020,-1.094
271,-0.023,0.039,-1.078
272,0.023,0.117,-1.035
273,-0.141,-0.039,-0.980
274,-0.027,-0.012,-1.020
275,0.117,0.098,-1.016
276,-0.043,-0.066,-0.934
277,-0.047,0.070,-0.832
278,-0.398,-0.184,-1.012
279,0.000,-0.172,-1.066
280,0.270,0.121,-1.074
281,-0.008,-0.047,-1.070
282,-0.059,0.160,-1.000
283,0.062,0.023,-0.977
284,-0.078,0.016,-1.035
285,-0.188,-0.184,-1.059
286,-0.012,-0.023,-1.016
287,0.215,-0.051,-0.984
288,0.250,0.277,-0.965
289,-0.223,-0.117,-0.914
290,-0.301,-0.137,-1.039
291,-0.020,-0.098,-1.035
292,0.035,-0.023,-1.098
293,0.000,-0.105,-0.992
294,0.043,0.246,-0.984
295,-0.211,-0.102,-1.062
296,-0.242,-0.031,-1.121
297,0.227,-0.133,-0.984
298,0.355,0.230,-0.898
299,-0.008,-0.098,-0.879
300,-0.270,-0.051,-1.004
301,-0.293,-0.242,-1.105
302,0.289,0.086,-1.078
303,0.023,0.055,-1.020
304,-0.223,-0.254,-1.031
305,-0.016,0.098,-1.137
306,0.125,0.207,-1.090
307,-0.363,-0.070,-0.988
308,0.027,0.012,-0.926
309,0.336,0.344,-0.875
310,-0.277,-0.246,-0.902
311,-0.348,-0.199,-0.957
312,0.027,-0.086,-1.090
313,0.223,-0.035,-1.117
314,-0.047,-0.078,-1.066
315,-0.012,-0.055,-0.969
316,-0.020,0.195,-1.082
317,-0.176,-0.059,-1.098
318,-0.188,0.074,-1.145
319,0.316,0.137,-0.879
320,0.168,0.223,-0.832
321,-0.371,-0.273,-0.445
322,0.094,-0.012,-0.984
323,0.320,0.055,-1.023
324,-0.191,-0.234,-1.090
325,-0.047,-0.141,-1.133
326,0.129,0.258,-1.020
327,-0.461,-0.180,-1.035
328,-0.219,-0.062,-0.973
329,0.039,0.262,-1.051
330,-0.109,-0.078,-1.062
331,-0.195,-0.109,-1.027
332,0.430,0.324,-0.926
333,0.066,-0.070,-0.855
334,-0.359,-0.195,-1.055
335,-0.039,-0.160,-1.117
336,0.266,0.051,-1.070
337,-0.105,-0.059,-0.941
338,-0.188,0.016,-0.980
339,0.039,0.184,-1.035
340,-0.078,-0.047,-1.020
341,-0.074,-0.012,-0.980
342,0.098,0.129,-0.957
343,0.172,-0.059,-0.930
344,0.012,-0.020,-1.027
345,0.086,-0.145,-0.996
346,-0.031,0.102,-1.023
347,-0.121,-0.156,-1.027
348,-0.188,0.035,-1.023
349,-0.176,-0.043,-1.000
350,0.020,0.184,-1.000
351,-0.199,0.012,-1.016
352,-0.203,-0.070,-1.098
353,0.168,0.215,-1.066
354,0.250,-0.059,-0.883
355,0.141,0.172,-0.906
356,-0.258,-0.352,-0.984
357,-0.008,-0.066,-1.160
358,0.086,-0.016,-1.066
359,-0.164,0.109,-0.930
360,-0.320,-0.344,-0.801
361,0.016,0.312,-1.031
362,-0.316,-0.266,-1.203
363,0.008,-0.094,-1.184
364,0.648,0.473,-0.934
365,0.016,0.137,-0.855
366,-0.559,-0.551,-0.902
367,0.145,-0.020,-1.133
368,0.156,0.109,-1.199
369,-0.461,-0.398,-1.008
370,0.461,0.426,-0.828
371,0.309,0.430,-0.809
372,-0.750,-0.543,-1.051
373,-0.137,-0.051,-1.152
374,0.559,0.504,-1.223
375,-0.445,-0.230,-1.074
376,-0.203,0.027,-0.941
377,0.648,0.512,-0.832
378,-0.324,-0.230,-0.934
379,-0.488,-0.473,-1.066
380,0.590,0.410,-1.078
381,0.133,0.000,-0.848
382,-0.434,0.027,-0.930
383,-0.141,-0.078,-0.977
384,-0.109,0.016,-1.195
385,-0.141,-0.074,-1.207
386,0.047,-0.020,-1.062
387,0.293,0.371,-0.883
388,-0.141,-0.016,-0.871
389,-0.188,-0.059,-0.977
390,0.062,-0.113,-1.020
391,0.105,0.012,-1.078
392,-0.117,-0.195,-0.992
393,0.250,0.215,-0.973
394,-0.207,-0.066,-0.922
395,-0.449,-0.320,-1.113
396,0.027,0.105,-1.191
397,0.203,0.133,-1.191
398,0.191,0.145,-0.941
399,0.180,0.363,-0.742
400,-0.254,-0.152,-0.848
401,-0.457,-0.508,-1.055
402,0.316,0.090,-1.234
403,0.234,0.098,-1.004
404,-0.281,-0.113,-0.828
405,-0.066,0.199,-0.809
406,-0.480,-0.184,-1.137
407,-0.305,-0.156,-1.305
408,0.332,0.176,-1.105
409,0.402,0.453,-0.898
410,-0.348,-0.055,-0.840
411,-0.121,0.055,-1.031
412,0.078,0.129,-1.051
413,-0.215,-0.363,-1.012
414,0.000,-0.176,-0.941
415,0.316,0.254,-0.957
416,-0.004,0.066,-0.883
417,-0.539,-0.172,-1.000
418,0.012,-0.020,-1.145
419,0.090,0.074,-1.238
420,-0.117,-0.191,-1.199
421,0.191,0.270,-0.941
422,0.004,0.285,-0.418
423,-0.371,-0.281,-0.875
424,0.051,0.023,-1.047
425,0.191,-0.145,-1.008
426,-0.207,-0.078,-1.000
427,0.016,-0.141,-0.941
428,0.301,0.363,-1.051
429,-0.379,-0.305,-1.086
430,-0.293,-0.074,-1.238
431,0.188,0.250,-1.082
432,-0.062,-0.027,-0.957
433,0.008,0.195,-0.875
434,-0.074,-0.035,-0.836
435,-0.223,-0.055,-1.066
436,0.098,-0.223,-0.984
437,0.164,0.211,-1.016
438,-0.199,-0.172,-1.004
439,-0.035,-0.020,-1.012
440,0.000,0.098,-1.031
441,-0.480,-0.047,-1.098
442,-0.477,-0.266,-1.129
443,0.309,0.262,-0.969
444,0.340,0.277,-0.871
445,-0.191,-0.121,-0.914
446,0.113,-0.113,-1.043
447,0.379,0.246,-1.113
448,-0.195,-0.316,-1.078
449,-0.086,-0.055,-1.008
450,0.238,0.215,-0.969
451,-0.152,0.004,-0.977
452,-0.531,-0.230,-1.031
453,0.066,0.180,-1.051
454,0.066,0.184,-0.973
455,-0.152,0.047,-0.871
456,-0.109,0.062,-0.980
457,-0.016,-0.191,-1.012
458,0.074,-0.016,-1.082
459,0.016,-0.113,-1.000
460,0.020,-0.008,-1.020
461,-0.082,-0.109,-1.035
462,-0.055,0.094,-1.055
463,-0.246,-0.062,-1.008
464,-0.125,-0.082,-1.145
465,0.148,0.133,-1.207
466,-0.207,-0.066,-1.129
467,-0.016,-0.020,-0.926
468,0.074,0.262,-0.898
469,-0.047,-0.309,-0.883
470,0.453,0.340,-0.957
471,0.000,0.043,-0.965
472,0.016,0.043,-0.965
473,-0.484,-0.367,-1.000
474,0.223,0.191,-0.988
475,0.316,0.293,-0.953
476,-0.543,-0.168,-0.984
477,-0.129,-0.180,-1.043
478,0.395,0.496,-1.133
479,-0.270,-0.250,-1.043
480,-0.234,-0.047,-1.035
481,0.281,0.184,-0.980
482,-0.086,-0.203,-0.949
483,-0.133,-0.156,-0.977
484,0.160,0.105,-0.949
485,-0.066,-0.047,-0.996
486,-0.078,-0.211,-0.910
487,0.141,0.137,-1.023
488,-0.039,-0.012,-1.188
489,-0.156,-0.133,-1.184
490,0.285,0.262,-1.031
491,0.023,0.113,-0.992
492,-0.172,-0.016,-1.000
493,-0.172,-0.016,-1.000
494,-0.125,0.020,-0.949
495,-0.031,0.020,-0.941
496,-0.375,-0.203,-0.910
497,-0.352,-0.086,-0.984
498,0.133,0.164,-0.910
499,-0.191,0.160,-1.004
500,-0.406,-0.316,-1.012
501,0.109,0.262,-1.207
502,0.113,-0.016,-1.113
503,-0.180,0.027,-1.051
504,0.105,0.027,-0.859
505,0.336,0.219,-0.914
506,-0.098,-0.215,-1.031
507,-0.074,-0.262,-1.098
508,0.293,0.363,-1.062
509,-0.125,-0.238,-1.008
510,-0.172,0.113,-0.965
511,0.016,0.105,-0.914
512,-0.164,0.035,-1.020
513,-0.348,-0.223,-1.023
514,0.234,0.320,-1.016
515,0.145,0.387,-1.012
516,-0.469,-0.480,-0.891
517,0.012,-0.004,-1.035
518,0.414,-0.055,-1.043
519,-0.074,-0.121,-1.137
520,-0.117,-0.246,-0.992
521,0.309,0.480,-1.066
522,-0.336,-0.223,-1.000
523,-0.656,-0.172,-1.066
524,0.113,0.133,-0.977
525,0.078,0.316,-1.008
526,-0.348,-0.238,-0.918
527,0.172,0.152,-0.930
528,0.434,0.258,-0.992
529,-0.109,-0.305,-1.027
530,-0.047,-0.105,-1.000
531,0.125,0.148,-1.020
532,-0.191,-0.125,-1.023
533,-0.172,-0.039,-1.008
534,0.035,0.113,-1.004
535,-0.148,0.078,-1.004
536,-0.465,-0.156,-1.082
537,0.102,0.105,-1.051
538,0.348,0.348,-1.004
539,-0.094,-0.156,-0.926
540,-0.285,-0.215,-0.949
541,0.176,-0.027,-1.008
542,0.094,0.051,-1.047
543,-0.246,-0.230,-0.945
544,0.078,0.227,-0.926
545,-0.117,0.004,-1.016
546,-0.375,-0.238,-1.129
547,-0.066,0.156,-1.203
548,0.133,0.180,-1.074
549,-0.109,0.145,-0.961
550,-0.133,-0.262,-0.895
551,-0.043,0.008,-0.977
552,0.102,-0.223,-1.016
553,0.422,0.297,-0.984
554,0.004,-0.117,-0.812
555,-0.297,-0.043,-0.988
556,-0.199,-0.145,-1.035
557,0.102,0.172,-1.156
558,-0.070,-0.199,-1.051
559,0.172,0.363,-1.047
560,-0.008,-0.012,-0.973
561,-0.340,0.039,-1.059
562,-0.219,-0.336,-0.977
563,0.254,0.121,-1.027
564,0.098,-0.098,-0.918
565,-0.180,0.000,-0.887
566,-0.152,-0.020,-0.941
567,-0.055,0.043,-0.992
568,-0.250,-0.125,-1.094
569,-0.133,-0.004,-1.121
570,-0.066,0.086,-1.184
571,0.066,-0.059,-1.008
572,0.109,0.410,-1.066
573,-0.234,-0.293,-0.898
574,-0.133,0.047,-1.004
575,0.199,-0.242,-0.926
576,0.102,0.133,-0.969
577,-0.047,-0.113,-0.906
578,0.102,0.133,-0.984
579,0.082,-0.035,-0.973
580,-0.160,-0.031,-1.043
581,-0.094,-0.039,-1.121
582,0.059,0.062,-1.105
583,0.062,0.008,-1.035
584,-0.113,0.043,-1.043
585,-0.043,0.004,-1.031
586,-0.039,-0.090,-0.910
587,-0.012,-0.117,-0.918
588,0.129,0.008,-0.996
589,-0.047,0.062,-1.066
590,-0.266,-0.027,-0.961
591,-0.402,-0.148,-1.000
592,0.066,0.066,-1.008
593,-0.016,0.102,-1.117
594,-0.180,-0.020,-1.145
595,-0.156,0.129,-1.082
596,-0.125,-0.094,-0.941
597,0.023,-0.055,-0.914
598,0.168,0.023,-1.004
599,0.000,-0.145,-1.035
600,-0.168,-0.047,-1.027
601,0.129,0.141,-0.914
602,-0.199,-0.098,-0.914
603,0.012,-0.039,-1.090
604,0.418,0.203,-1.039
605,0.180,0.055,-1.008
606,-0.023,0.176,-1.035
607,-0.016,-0.062,-0.996
608,-0.020,-0.055,-1.047
609,0.141,-0.074,-1.012
610,-0.012,0.184,-0.980
611,-0.766,-0.445,-0.906
612,-0.344,-0.082,-1.023
613,0.254,0.293,-0.898
614,-0.219,-0.035,-1.043
615,-0.160,-0.145,-1.047
616,0.223,0.355,-1.035
617,-0.219,-0.074,-1.000
618,-0.371,-0.273,-1.086
619,0.523,0.117,-1.023
620,0.371,0.195,-1.059
621,-0.395,-0.422,-0.945
622,-0.027,-0.020,-0.984
623,0.453,0.258,-1.059
624,-0.121,-0.141,-1.082
625,-0.195,-0.156,-1.055
626,0.199,0.309,-0.957
627,-0.324,-0.059,-0.977
628,-0.523,-0.238,-0.969
629,0.250,0.238,-0.953
630,0.285,0.098,-0.906
631,-0.133,-0.207,-0.895
632,0.172,0.105,-1.105
633,0.160,0.078,-1.211
634,-0.375,-0.387,-1.098
635,-0.094,0.086,-1.039
636,0.082,0.113,-0.895
637,-0.453,-0.047,-1.035
638,-0.207,-0.043,-1.008
639,0.211,0.469,-0.938
640,-0.355,-0.145,-0.855
641,-0.051,-0.098,-0.883
642,0.547,0.309,-1.020
643,0.086,-0.031,-1.160
644,-0.348,-0.465,-1.082
645,0.324,0.371,-1.004
646,0.078,-0.031,-0.941
647,-0.273,-0.266,-1.000
648,-0.031,0.137,-1.043
649,-0.066,0.020,-1.090
650,-0.348,-0.129,-1.059
651,0.105,0.043,-0.973
652,0.258,0.324,-1.031
653,-0.406,-0.574,-0.988
654,0.117,-0.008,-1.051
655,0.633,0.348,-0.984
656,-0.273,0.020,-0.984
657,-0.539,-0.523,-0.902
658,0.582,0.445,-1.016
659,0.230,-0.020,-1.074
660,-0.445,-0.230,-1.105
661,0.004,0.281,-1.102
662,0.074,0.355,-0.953
663,-0.539,-0.316,-0.871
664,-0.301,-0.129,-1.059
665,0.422,0.180,-1.051
666,-0.074,0.016,-0.918
667,-0.270,0.008,-0.832
668,-0.004,0.035,-0.836
669,-0.113,0.016,-1.066
670,-0.168,-0.363,-1.141
671,0.055,0.066,-1.113
672,0.152,0.191,-0.996
673,-0.293,-0.094,-1.035
674,0.031,0.047,-1.098
675,0.168,0.234,-1.102
676,-0.145,-0.270,-1.027
677,0.129,0.062,-0.902
678,0.312,0.238,-0.871
679,-0.359,-0.344,-0.902
680,-0.383,-0.262,-1.090
681,0.363,0.172,-1.074
682,0.023,0.051,-1.043
683,-0.285,-0.117,-0.980
684,0.156,0.258,-0.977
685,0.160,0.121,-1.078
686,-0.047,0.000,-1.199
687,0.191,0.070,-1.020
688,0.020,0.168,-0.898
689,-0.340,-0.258,-0.879
690,-0.121,-0.129,-1.031
691,-0.051,0.082,-1.141
692,-0.043,-0.105,-0.969
693,0.004,0.297,-0.758
694,-0.199,0.059,-0.836
695,-0.215,-0.051,-1.074
696,0.184,0.156,-1.203
697,-0.137,0.008,-1.160
698,-0.246,-0.156,-0.969
699,0.320,0.211,-0.832
700,-0.051,-0.051,-0.957
701,-0.242,-0.348,-1.176
702,0.141,0.137,-1.160
703,-0.043,-0.066,-1.004
704,-0.250,0.051,-0.902
705,-0.059,-0.016,-0.906
706,-0.004,0.109,-1.094
707,-0.281,-0.168,-1.207
708,0.066,0.121,-1.098
709,0.129,0.223,-0.836
710,-0.125,-0.074,-0.797
711,0.234,-0.004,-0.875
712,0.277,-0.152,-1.102
713,0.066,-0.137,-1.180
714,0.047,0.031,-1.070
715,-0.066,0.117,-1.020
716,-0.152,-0.125,-1.004
717,-0.023,0.109,-1.055
718,-0.105,0.105,-1.012
719,-0.297,-0.035,-0.969
720,-0.094,0.074,-0.887
721,0.117,0.234,-0.918
722,-0.031,-0.035,-0.957
723,-0.156,-0.156,-0.988
724,0.094,-0.066,-1.098
725,0.094,-0.035,-1.078
726,-0.168,0.012,-1.035
727,0.020,0.125,-0.953
728,-0.180,-0.004,-1.004
729,-0.105,-0.094,-0.996
730,-0.090,0.141,-1.102
731,-0.188,-0.141,-1.109
732,0.023,0.117,-1.047
733,0.109,-0.066,-0.875
734,0.031,-0.066,-0.965
735,0.000,-0.270,-1.035
736,0.125,0.172,-1.164
737,-0.094,-0.305,-0.957
738,-0.023,0.328,-1.020
739,-0.027,-0.082,-0.996
740,-0.094,0.168,-1.113
741,0.008,-0.020,-0.961
742,-0.121,0.238,-1.012
743,-0.074,-0.199,-0.871
744,0.152,0.215,-0.938
745,-0.031,-0.113,-1.035
746,-0.137,-0.195,-1.047
747,0.059,0.090,-1.035
748,-0.254,-0.121,-0.988
749,-0.250,-0.129,-1.055
750,0.289,0.117,-0.980
751,0.109,0.266,-1.035
752,-0.367,-0.059,-1.078
753,-0.113,0.133,-1.051
754,0.176,0.137,-0.980
755,-0.062,-0.055,-0.953
756,-0.051,-0.160,-0.957
757,0.031,0.098,-1.016
758,-0.059,-0.129,-0.949
759,-0.180,-0.016,-0.961
760,-0.152,-0.160,-1.086
761,0.035,0.094,-1.098
762,-0.016,0.078,-1.031
763,0.125,-0.074,-0.902
764,0.070,0.277,-1.090
765,-0.074,-0.215,-1.105
766,0.168,0.160,-1.078
767,0.207,0.164,-0.895
768,-0.496,-0.258,-0.992
769,-0.027,-0.355,-0.949
770,0.508,0.504,-1.098
771,-0.289,-0.145,-1.062
772,-0.555,-0.336,-1.023
773,0.277,0.340,-0.988
774,-0.156,0.012,-1.090
775,-0.309,-0.117,-1.055
776,0.102,0.320,-0.969
777,0.051,0.078,-0.867
778,-0.289,-0.113,-0.953
779,0.098,0.023,-0.992
780,0.328,0.066,-0.980
781,-0.051,-0.094,-0.984
782,-0.051,-0.094,-0.984
783,-0.359,-0.090,-1.133
784,-0.383,-0.285,-1.191
785,0.105,0.117,-1.047
786,-0.004,0.172,-0.977
787,-0.133,-0.090,-0.980
788,0.141,0.211,-0.926
789,0.125,0.266,-0.902
790,-0.156,-0.207,-0.879
791,0.305,0.027,-0.875
792,0.461,0.219,-1.074
793,-0.281,-0.500,-1.113
794,-0.309,-0.023,-1.168
795,-0.090,-0.047,-1.074
796,-0.285,-0.066,-1.086
797,-0.168,-0.070,-1.008
798,-0.008,0.285,-1.066
799,-0.293,-0.078,-0.918
800,-0.184,0.156,-0.973
801,0.191,-0.012,-0.914
802,0.191,-0.012,-0.918
803,0.188,0.121,-0.898
804,0.059,-0.043,-1.031
805,0.145,-0.121,-1.012
806,0.254,0.230,-1.039
807,-0.250,-0.234,-1.078
808,-0.359,-0.199,-1.145
809,0.164,0.258,-0.961
810,-0.332,-0.043,-0.992
811,-0.375,-0.176,-1.035
812,0.172,0.270,-1.062
813,-0.070,0.066,-0.988
814,-0.246,-0.199,-0.469
815,0.461,0.137,-0.840
816,0.309,0.223,-0.934
817,-0.246,-0.441,-1.047
818,-0.039,0.020,-1.180
819,0.031,-0.020,-1.176
820,-0.043,0.203,-1.125
821,-0.215,-0.137,-0.824
822,-0.324,-0.027,-1.012
823,-0.195,-0.137,-1.121
824,0.223,0.215,-1.070
825,-0.133,0.051,-0.922
826,-0.129,-0.082,-0.809
827,0.363,0.254,-0.902
828,0.051,-0.090,-0.969
829,-0.340,-0.277,-1.129
830,0.066,-0.012,-1.160
831,0.051,0.164,-1.020
832,-0.066,-0.016,-0.883
833,-0.012,0.113,-0.926
834,-0.082,-0.020,-1.113
835,-0.348,-0.234,-1.246
836,0.160,0.043,-1.031
837,0.188,0.398,-0.934
838,-0.281,-0.422,-0.844
839,-0.047,0.148,-1.000
840,0.117,-0.020,-1.125
841,-0.363,-0.312,-1.105
842,-0.078,0.078,-1.055
843,0.484,0.402,-0.828
844,-0.180,-0.082,-0.820
845,-0.102,-0.145,-1.105
846,0.410,0.137,-1.184
847,-0.309,-0.094,-1.156
848,-0.348,-0.094,-0.973
849,0.348,0.109,-0.762
850,0.047,0.109,-1.055
851,-0.359,-0.621,-1.051
852,0.352,0.500,-0.980
853,-0.262,-0.078,-0.910
854,-0.547,-0.332,-1.047
855,0.367,0.211,-1.023
856,0.156,0.156,-1.109
857,-0.496,-0.332,-1.102
858,0.031,0.051,-0.957
859,0.391,0.480,-0.883
860,-0.414,-0.297,-0.953
861,-0.172,-0.219,-1.055
862,0.301,0.176,-1.105
863,-0.223,-0.164,-1.047
864,-0.312,-0.184,-0.891
865,0.062,0.152,-0.945
866,0.285,0.059,-1.062
867,-0.164,-0.211,-1.062
868,0.016,0.070,-1.043
869,0.219,0.129,-1.039
870,0.020,-0.004,-1.043
871,0.047,0.254,-1.098
872,-0.188,-0.152,-1.008
873,-0.191,-0.238,-0.969
874,0.082,-0.008,-0.957
875,0.129,0.188,-1.004
876,-0.316,-0.137,-0.961
877,-0.172,-0.109,-0.902
878,0.098,0.141,-1.012
879,0.047,-0.059,-1.059
880,-0.016,0.145,-1.055
881,-0.023,0.102,-0.996
882,-0.199,-0.031,-0.957
883,-0.145,-0.090,-0.984
884,0.223,0.113,-1.102
885,0.031,-0.094,-0.992
886,-0.285,-0.074,-0.980
887,-0.191,-0.012,-0.961
888,-0.105,-0.035,-1.109
889,0.004,-0.184,-1.086
890,0.008,0.117,-1.035
891,-0.020,-0.023,-0.887
892,-0.156,0.219,-1.047
893,0.012,0.090,-1.133
894,0.129,0.164,-1.016
895,0.133,-0.047,-0.820
896,0.051,-0.043,-0.895
897,-0.027,-0.355,-0.996
898,0.066,0.055,-1.227
899,-0.117,-0.191,-1.172
900,0.160,0.168,-0.918
901,-0.227,-0.125,-0.898
902,-0.246,-0.160,-1.035
903,0.180,0.254,-1.137
904,-0.219,0.129,-1.082
905,-0.312,-0.117,-0.906
906,0.113,0.418,-0.762
907,-0.266,-0.148,-0.961
908,-0.172,-0.422,-1.031
909,0.531,0.305,-1.105
910,0.090,0.035,-1.055
911,-0.770,-0.414,-1.012
912,0.172,0.289,-0.926
913,0.156,0.238,-1.012
914,-0.715,-0.625,-1.027
915,-0.145,0.109,-1.137
916,0.461,0.223,-1.000
917,0.004,0.086,-0.883
918,-0.109,-0.027,-0.855
919,0.379,0.094,-1.047
920,0.316,-0.320,-1.164
921,0.156,0.082,-1.164
922,-0.133,-0.016,-1.039
923,-0.160,0.016,-0.945
924,-0.211,-0.047,-0.953
925,-0.082,-0.043,-0.973
926,-0.113,0.016,-0.984
927,-0.090,0.324,-1.023
928,-0.273,-0.082,-0.965
929,-0.160,-0.145,-0.820
930,0.320,0.230,-1.039
931,-0.016,-0.195,-1.164
932,-0.285,-0.152,-1.207
933,-0.125,0.039,-0.922
934,-0.234,0.078,-0.859
935,-0.133,-0.148,-0.949
936,0.266,0.145,-1.164
937,0.031,0.141,-1.160
938,-0.465,-0.012,-0.977
939,-0.062,0.102,-0.820
940,0.336,0.168,-0.828
941,0.047,-0.113,-1.090
942,-0.113,-0.320,-1.086
943,0.199,0.195,-1.059
944,-0.137,-0.023,-0.867
945,-0.402,-0.160,-0.996
946,0.457,-0.078,-1.055
947,0.355,0.285,-1.184
948,-0.469,-0.379,-1.191
949,-0.059,0.215,-1.105
950,0.438,0.324,-0.930
951,-0.297,-0.168,-0.828
952,-0.473,-0.371,-0.930
953,0.520,0.219,-0.969
954,0.113,0.176,-1.004
955,-0.688,-0.410,-0.953
956,-0.188,0.055,-1.051
957,0.465,0.164,-1.074
958,-0.316,-0.152,-1.094
959,-0.375,-0.242,-1.113
960,0.297,0.406,-1.047
961,-0.066,0.141,-0.984
962,-0.340,-0.109,-0.918
963,0.324,0.449,-0.934
964,0.023,-0.191,-0.840
965,-0.156,-0.172,-1.023
966,0.410,0.152,-0.953
967,-0.086,0.109,-1.055
968,-0.531,-0.477,-1.125
969,0.359,0.262,-1.113
970,0.121,0.188,-1.027
971,-0.418,-0.160,-0.977
972,-0.090,0.141,-0.945
973,0.211,0.250,-0.980
974,-0.121,-0.109,-1.023
975,0.098,-0.078,-0.977
976,0.078,0.180,-1.012
977,-0.180,-0.406,-0.926
978,-0.117,0.059,-1.000
979,-0.012,-0.199,-1.113
980,0.000,0.012,-1.145
981,0.016,-0.023,-0.973
982,-0.125,0.250,-0.996
983,-0.320,-0.219,-0.996
984,0.109,0.164,-1.031
985,0.191,0.078,-0.969
986,-0.156,-0.148,-1.027
987,0.039,-0.027,-0.969
988,0.328,0.328,-0.988
989,-0.277,-0.258,-0.957
990,-0.324,-0.215,-1.047
991,0.141,-0.039,-1.129
992,0.094,0.406,-1.078
993,-0.730,-0.316,-0.973
994,-0.172,0.113,-0.961
995,0.258,0.301,-1.000
996,-0.078,-0.152,-1.004
997,0.023,0.051,-0.895
998,0.258,0.148,-0.945
999,0.062,-0.047,-0.949
Rate 1438, overflows 0
